"1-1000001","21-1000001"
"1-1000002","21-1000002"
"1-1000003","21-1000003"
"1-1000004","21-1000004"
"1-1000005","21-1000005"
"1-1000006","21-1000006"
"1-1000007","21-1000007"
"1-1000008","21-1000008"
"1-1000009","21-1000009"
"1-1000010","21-1000010"
"1-1000011","21-1000011"
"1-1000012","21-1000012"
"1-1000013","21-1000013"
"1-1000014","21-1000014"
"1-1000015","21-1000015"
"1-1000016","21-1000016"
"1-1000017","21-1000017"
"1-1000018","21-1000018"
"1-1000019","21-1000019"
"1-1000020","21-1000020"
"1-1000021","21-1000021"
"1-1000022","21-1000022"
"1-1000023","21-1000023"
"1-1000024","21-1000024"
"1-1000025","21-1000025"
"1-1000026","21-1000026"
"1-1000027","21-1000027"
"1-1000028","21-1000028"
"1-1000029","21-1000029"
"1-1000030","21-1000030"
"1-1000031","21-1000031"
"1-1000032","21-1000032"
"1-1000033","21-1000033"
"1-1000034","21-1000034"
"1-1000035","21-1000035"
"1-1000036","21-1000036"
"1-1000037","21-1000037"
"1-1000038","21-1000038"
"1-1000039","21-1000039"
"1-1000040","21-1000040"
"1-1000041","21-1000041"
"1-1000042","21-1000042"
"1-1000043","21-1000043"
"1-1000044","21-1000044"
"1-1000045","21-1000045"
"1-1000046","21-1000046"
"1-1000047","21-1000047"
"1-1000048","21-1000048"
"1-1000049","21-1000049"
"1-1000050","21-1000050"
"1-1000051","21-1000051"
"1-1000052","21-1000052"
"1-1000053","21-1000053"
"1-1000054","21-1000054"
"1-1000055","21-1000055"
"1-1000056","21-1000056"
"1-1000057","21-1000057"
"1-1000058","21-1000058"
"1-1000059","21-1000059"
"1-1000060","21-1000060"
"1-1000061","21-1000061"
"1-1000062","21-1000062"
"1-1000063","21-1000063"
"1-1000064","21-1000064"
"1-1000065","21-1000065"
"1-1000066","21-1000066"
"1-1000067","21-1000067"
"1-1000068","21-1000068"
"1-1000069","21-1000069"
"1-1000070","21-1000070"
"1-1000071","21-1000071"
"1-1000072","21-1000072"
"1-1000073","21-1000073"
"1-1000074","21-1000074"
"1-1000075","21-1000075"
"1-1000076","21-1000076"
"1-1000077","21-1000077"
"1-1000078","21-1000078"
"1-1000079","21-1000079"
"1-1000080","21-1000080"
"1-1000081","21-1000081"
"1-1000082","21-1000082"
"1-1000083","21-1000083"
"1-1000084","21-1000084"
"1-1000085","21-1000085"
"1-1000086","21-1000086"
"1-1000087","21-1000087"
"1-1000088","21-1000088"
"1-1000089","21-1000089"
"1-1000090","21-1000090"
"1-1000091","21-1000091"
"1-1000092","21-1000092"
"1-1000093","21-1000093"
"1-1000094","21-1000094"
"1-1000095","21-1000095"
"1-1000096","21-1000096"
"1-1000097","21-1000097"
"1-1000098","21-1000098"
"1-1000099","21-1000099"
"1-1000100","21-1000100"
"1-1000101","21-1000101"
"1-1000102","21-1000102"
"1-1000103","21-1000103"
"1-1000104","21-1000104"
"1-1000105","21-1000105"
"1-1000106","21-1000106"
"1-1000107","21-1000107"
"1-1000108","21-1000108"
"1-1000109","21-1000109"
"1-1000110","21-1000110"
"1-1000111","21-1000111"
"1-1000112","21-1000112"
"1-1000113","21-1000113"
"1-1000114","21-1000114"
"1-1000115","21-1000115"
"1-1000116","21-1000116"
"1-1000117","21-1000117"
"1-1000118","21-1000118"
"1-1000119","21-1000119"
"1-1000120","21-1000120"
"1-1000121","21-1000121"
"1-1000122","21-1000122"
"1-1000123","21-1000123"
"1-1000124","21-1000124"
"1-1000125","21-1000125"
"1-1000126","21-1000126"
"1-1000127","21-1000127"
"1-1000128","21-1000128"
"1-1000129","21-1000129"
"1-1000130","21-1000130"
"1-1000131","21-1000131"
"1-1000132","21-1000132"
"1-1000133","21-1000133"
"1-1000134","21-1000134"
"1-1000135","21-1000135"
"1-1000136","21-1000136"
"1-1000137","21-1000137"
"1-1000138","21-1000138"
"1-1000139","21-1000139"
"1-1000140","21-1000140"
"1-1000141","21-1000141"
"1-1000142","21-1000142"
"1-1000143","21-1000143"
"1-1000144","21-1000144"
"1-1000145","21-1000145"
"1-1000146","21-1000146"
"1-1000147","21-1000147"
"1-1000148","21-1000148"
"1-1000149","21-1000149"
"1-1000150","21-1000150"
"1-1000151","21-1000151"
"1-1000152","21-1000152"
"1-1000153","21-1000153"
"1-1000154","21-1000154"
"1-1000155","21-1000155"
"1-1000156","21-1000156"
"1-1000157","21-1000157"
"1-1000158","21-1000158"
"1-1000159","21-1000159"
"1-1000160","21-1000160"
"1-1000161","21-1000161"
"1-1000162","21-1000162"
"1-1000163","21-1000163"
"1-1000164","21-1000164"
"1-1000165","21-1000165"
"1-1000166","21-1000166"
"1-1000167","21-1000167"
"1-1000168","21-1000168"
"1-1000169","21-1000169"
"1-1000170","21-1000170"
"1-1000171","21-1000171"
"1-1000172","21-1000172"
"1-1000173","21-1000173"
"1-1000174","21-1000174"
"1-1000175","21-1000175"
"1-1000176","21-1000176"
"1-1000177","21-1000177"
"1-1000178","21-1000178"
"1-1000179","21-1000179"
"1-1000180","21-1000180"
"1-1000181","21-1000181"
"1-1000182","21-1000182"
"1-1000183","21-1000183"
"1-1000184","21-1000184"
"1-1000185","21-1000185"
"1-1000186","21-1000186"
"1-1000187","21-1000187"
"1-1000188","21-1000188"
"1-1000189","21-1000189"
"1-1000190","21-1000190"
"1-1000191","21-1000191"
"1-1000192","21-1000192"
"1-1000193","21-1000193"
"1-1000194","21-1000194"
"1-1000195","21-1000195"
"1-1000196","21-1000196"
"1-1000197","21-1000197"
"1-1000198","21-1000198"
"1-1000199","21-1000199"
"1-1000200","21-1000200"
"1-1000201","21-1000201"
"1-1000202","21-1000202"
"1-1000203","21-1000203"
"1-1000204","21-1000204"
"1-1000205","21-1000205"
"1-1000206","21-1000206"
"1-1000207","21-1000207"
"1-1000208","21-1000208"
"1-1000209","21-1000209"
"1-1000210","21-1000210"
"1-1000211","21-1000211"
"1-1000212","21-1000212"
"1-1000213","21-1000213"
"1-1000214","21-1000214"
"1-1000215","21-1000215"
"1-1000216","21-1000216"
"1-1000217","21-1000217"
"1-1000218","21-1000218"
"1-1000219","21-1000219"
"1-1000220","21-1000220"
"1-1000221","21-1000221"
"1-1000222","21-1000222"
"1-1000223","21-1000223"
"1-1000224","21-1000224"
"1-1000225","21-1000225"
"1-1000226","21-1000226"
"1-1000227","21-1000227"
"1-1000228","21-1000228"
"1-1000229","21-1000229"
"1-1000230","21-1000230"
"1-1000231","21-1000231"
"1-1000232","21-1000232"
"1-1000233","21-1000233"
"1-1000234","21-1000234"
"1-1000235","21-1000235"
"1-1000236","21-1000236"
"1-1000237","21-1000237"
"1-1000238","21-1000238"
"1-1000239","21-1000239"
"1-1000240","21-1000240"
"1-1000241","21-1000241"
"1-1000242","21-1000242"
"1-1000243","21-1000243"
"1-1000244","21-1000244"
"1-1000245","21-1000245"
"1-1000246","21-1000246"
"1-1000247","21-1000247"
"1-1000248","21-1000248"
"1-1000249","21-1000249"
"1-1000250","21-1000250"
"1-1000251","21-1000251"
"1-1000252","21-1000252"
"1-1000253","21-1000253"
"1-1000254","21-1000254"
"1-1000255","21-1000255"
"1-1000256","21-1000256"
"1-1000257","21-1000257"
"1-1000258","21-1000258"
"1-1000259","21-1000259"
"1-1000260","21-1000260"
"1-1000261","21-1000261"
"1-1000262","21-1000262"
"1-1000263","21-1000263"
"1-1000264","21-1000264"
"1-1000265","21-1000265"
"1-1000266","21-1000266"
"1-1000267","21-1000267"
"1-1000268","21-1000268"
"1-1000269","21-1000269"
"1-1000270","21-1000270"
"1-1000271","21-1000271"
"1-1000272","21-1000272"
"1-1000273","21-1000273"
"1-1000274","21-1000274"
"1-1000275","21-1000275"
"1-1000276","21-1000276"
"1-1000277","21-1000277"
"1-1000278","21-1000278"
"1-1000279","21-1000279"
"1-1000280","21-1000280"
"1-1000281","21-1000281"
"1-1000282","21-1000282"
"1-1000283","21-1000283"
"1-1000284","21-1000284"
"1-1000285","21-1000285"
"1-1000286","21-1000286"
"1-1000287","21-1000287"
"1-1000288","21-1000288"
"1-1000289","21-1000289"
"1-1000290","21-1000290"
"1-1000291","21-1000291"
"1-1000292","21-1000292"
"1-1000293","21-1000293"
"1-1000294","21-1000294"
"1-1000295","21-1000295"
"1-1000296","21-1000296"
"1-1000297","21-1000297"
"1-1000298","21-1000298"
"1-1000299","21-1000299"
"1-1000300","21-1000300"
"1-1000301","21-1000301"
"1-1000302","21-1000302"
"1-1000303","21-1000303"
"1-1000304","21-1000304"
"1-1000305","21-1000305"
"1-1000306","21-1000306"
"1-1000307","21-1000307"
"1-1000308","21-1000308"
"1-1000309","21-1000309"
"1-1000310","21-1000310"
"1-1000311","21-1000311"
"1-1000312","21-1000312"
"1-1000313","21-1000313"
"1-1000314","21-1000314"
"1-1000315","21-1000315"
"1-1000316","21-1000316"
"1-1000317","21-1000317"
"1-1000318","21-1000318"
"1-1000319","21-1000319"
"1-1000320","21-1000320"
"1-1000321","21-1000321"
"1-1000322","21-1000322"
"1-1000323","21-1000323"
"1-1000324","21-1000324"
"1-1000325","21-1000325"
"1-1000326","21-1000326"
"1-1000327","21-1000327"
"1-1000328","21-1000328"
"1-1000329","21-1000329"
"1-1000330","21-1000330"
"1-1000331","21-1000331"
"1-1000332","21-1000332"
"1-1000333","21-1000333"
"1-1000334","21-1000334"
"1-1000335","21-1000335"
"1-1000336","21-1000336"
"1-1000337","21-1000337"
"1-1000338","21-1000338"
"1-1000339","21-1000339"
"1-1000340","21-1000340"
"1-1000341","21-1000341"
"1-1000342","21-1000342"
"1-1000343","21-1000343"
"1-1000344","21-1000344"
"1-1000345","21-1000345"
"1-1000346","21-1000346"
"1-1000347","21-1000347"
"1-1000348","21-1000348"
"1-1000349","21-1000349"
"1-1000350","21-1000350"
"1-1000351","21-1000351"
"1-1000352","21-1000352"
"1-1000353","21-1000353"
"1-1000354","21-1000354"
"1-1000355","21-1000355"
"1-1000356","21-1000356"
"1-1000357","21-1000357"
"1-1000358","21-1000358"
"1-1000359","21-1000359"
"1-1000360","21-1000360"
"1-1000361","21-1000361"
"1-1000362","21-1000362"
"1-1000363","21-1000363"
"1-1000364","21-1000364"
"1-1000365","21-1000365"
"1-1000366","21-1000366"
"1-1000367","21-1000367"
"1-1000368","21-1000368"
"1-1000369","21-1000369"
"1-1000370","21-1000370"
"1-1000371","21-1000371"
"1-1000372","21-1000372"
"1-1000373","21-1000373"
"1-1000374","21-1000374"
"1-1000375","21-1000375"
"1-1000376","21-1000376"
"1-1000377","21-1000377"
"1-1000378","21-1000378"
"1-1000379","21-1000379"
"1-1000380","21-1000380"
"1-1000381","21-1000381"
"1-1000382","21-1000382"
"1-1000383","21-1000383"
"1-1000384","21-1000384"
"1-1000385","21-1000385"
"1-1000386","21-1000386"
"1-1000387","21-1000387"
"1-1000388","21-1000388"
"1-1000389","21-1000389"
"1-1000390","21-1000390"
"1-1000391","21-1000391"
"1-1000392","21-1000392"
"1-1000393","21-1000393"
"1-1000394","21-1000394"
"1-1000395","21-1000395"
"1-1000396","21-1000396"
"1-1000397","21-1000397"
"1-1000398","21-1000398"
"1-1000399","21-1000399"
"1-1000400","21-1000400"
"1-1000401","21-1000401"
"1-1000402","21-1000402"
"1-1000403","21-1000403"
"1-1000404","21-1000404"
"1-1000405","21-1000405"
"1-1000406","21-1000406"
"1-1000407","21-1000407"
"1-1000408","21-1000408"
"1-1000409","21-1000409"
"1-1000410","21-1000410"
"1-1000411","21-1000411"
"1-1000412","21-1000412"
"1-1000413","21-1000413"
"1-1000414","21-1000414"
"1-1000415","21-1000415"
"1-1000416","21-1000416"
"1-1000417","21-1000417"
"1-1000418","21-1000418"
"1-1000419","21-1000419"
"1-1000420","21-1000420"
"1-1000421","21-1000421"
"1-1000422","21-1000422"
"1-1000423","21-1000423"
"1-1000424","21-1000424"
"1-1000425","21-1000425"
"1-1000426","21-1000426"
"1-1000427","21-1000427"
"1-1000428","21-1000428"
"1-1000429","21-1000429"
"1-1000430","21-1000430"
"1-1000431","21-1000431"
"1-1000432","21-1000432"
"1-1000433","21-1000433"
"1-1000434","21-1000434"
"1-1000435","21-1000435"
"1-1000436","21-1000436"
"1-1000437","21-1000437"
"1-1000438","21-1000438"
"1-1000439","21-1000439"
"1-1000440","21-1000440"
"1-1000441","21-1000441"
"1-1000442","21-1000442"
"1-1000443","21-1000443"
"1-1000444","21-1000444"
"1-1000445","21-1000445"
"1-1000446","21-1000446"
"1-1000447","21-1000447"
"1-1000448","21-1000448"
"1-1000449","21-1000449"
"1-1000450","21-1000450"
"1-1000451","21-1000451"
"1-1000452","21-1000452"
"1-1000453","21-1000453"
"1-1000454","21-1000454"
"1-1000455","21-1000455"
"1-1000456","21-1000456"
"1-1000457","21-1000457"
"1-1000458","21-1000458"
"1-1000459","21-1000459"
"1-1000460","21-1000460"
"1-1000461","21-1000461"
"1-1000462","21-1000462"
"1-1000463","21-1000463"
"1-1000464","21-1000464"
"1-1000465","21-1000465"
"1-1000466","21-1000466"
"1-1000467","21-1000467"
"1-1000468","21-1000468"
"1-1000469","21-1000469"
"1-1000470","21-1000470"
"1-1000471","21-1000471"
"1-1000472","21-1000472"
"1-1000473","21-1000473"
"1-1000474","21-1000474"
"1-1000475","21-1000475"
"1-1000476","21-1000476"
"1-1000477","21-1000477"
"1-1000478","21-1000478"
"1-1000479","21-1000479"
"1-1000480","21-1000480"
"1-1000481","21-1000481"
"1-1000482","21-1000482"
"1-1000483","21-1000483"
"1-1000484","21-1000484"
"1-1000485","21-1000485"
"1-1000486","21-1000486"
"1-1000487","21-1000487"
"1-1000488","21-1000488"
"1-1000489","21-1000489"
"1-1000490","21-1000490"
"1-1000491","21-1000491"
"1-1000492","21-1000492"
"1-1000493","21-1000493"
"1-1000494","21-1000494"
"1-1000495","21-1000495"
"1-1000496","21-1000496"
"1-1000497","21-1000497"
"1-1000498","21-1000498"
"1-1000499","21-1000499"
"1-1000500","21-1000500"
"1-1000501","21-1000501"
"1-1000502","21-1000502"
"1-1000503","21-1000503"
"1-1000504","21-1000504"
"1-1000505","21-1000505"
"1-1000506","21-1000506"
"1-1000507","21-1000507"
"1-1000508","21-1000508"
"1-1000509","21-1000509"
"1-1000510","21-1000510"
"1-1000511","21-1000511"
"1-1000512","21-1000512"
"1-1000513","21-1000513"
"1-1000514","21-1000514"
"1-1000515","21-1000515"
"1-1000516","21-1000516"
"1-1000517","21-1000517"
"1-1000518","21-1000518"
"1-1000519","21-1000519"
"1-1000520","21-1000520"
"1-1000521","21-1000521"
"1-1000522","21-1000522"
"1-1000523","21-1000523"
"1-1000524","21-1000524"
"1-1000525","21-1000525"
"1-1000526","21-1000526"
"1-1000527","21-1000527"
"1-1000528","21-1000528"
"1-1000529","21-1000529"
"1-1000530","21-1000530"
"1-1000531","21-1000531"
"1-1000532","21-1000532"
"1-1000533","21-1000533"
"1-1000534","21-1000534"
"1-1000535","21-1000535"
"1-1000536","21-1000536"
"1-1000537","21-1000537"
"1-1000538","21-1000538"
"1-1000539","21-1000539"
"1-1000540","21-1000540"
"1-1000541","21-1000541"
"1-1000542","21-1000542"
"1-1000543","21-1000543"
"1-1000544","21-1000544"
"1-1000545","21-1000545"
"1-1000546","21-1000546"
"1-1000547","21-1000547"
"1-1000548","21-1000548"
"1-1000549","21-1000549"
"1-1000550","21-1000550"
"1-1000551","21-1000551"
"1-1000552","21-1000552"
"1-1000553","21-1000553"
"1-1000554","21-1000554"
"1-1000555","21-1000555"
"1-1000556","21-1000556"
"1-1000557","21-1000557"
"1-1000558","21-1000558"
"1-1000559","21-1000559"
"1-1000560","21-1000560"
"1-1000561","21-1000561"
"1-1000562","21-1000562"
"1-1000563","21-1000563"
"1-1000564","21-1000564"
"1-1000565","21-1000565"
"1-1000566","21-1000566"
"1-1000567","21-1000567"
"1-1000568","21-1000568"
"1-1000569","21-1000569"
"1-1000570","21-1000570"
"1-1000571","21-1000571"
"1-1000572","21-1000572"
"1-1000573","21-1000573"
"1-1000574","21-1000574"
"1-1000575","21-1000575"
"1-1000576","21-1000576"
"1-1000577","21-1000577"
"1-1000578","21-1000578"
"1-1000579","21-1000579"
"1-1000580","21-1000580"
"1-1000581","21-1000581"
"1-1000582","21-1000582"
"1-1000583","21-1000583"
"1-1000584","21-1000584"
"1-1000585","21-1000585"
"1-1000586","21-1000586"
"1-1000587","21-1000587"
"1-1000588","21-1000588"
"1-1000589","21-1000589"
"1-1000590","21-1000590"
"1-1000591","21-1000591"
"1-1000592","21-1000592"
"1-1000593","21-1000593"
"1-1000594","21-1000594"
"1-1000595","21-1000595"
"1-1000596","21-1000596"
"1-1000597","21-1000597"
"1-1000598","21-1000598"
"1-1000599","21-1000599"
"1-1000600","21-1000600"
"1-1000601","21-1000601"
"1-1000602","21-1000602"
"1-1000603","21-1000603"
"1-1000604","21-1000604"
"1-1000605","21-1000605"
"1-1000606","21-1000606"
"1-1000607","21-1000607"
"1-1000608","21-1000608"
"1-1000609","21-1000609"
"1-1000610","21-1000610"
"1-1000611","21-1000611"
"1-1000612","21-1000612"
"1-1000613","21-1000613"
"1-1000614","21-1000614"
"1-1000615","21-1000615"
"1-1000616","21-1000616"
"1-1000617","21-1000617"
"1-1000618","21-1000618"
"1-1000619","21-1000619"
"1-1000620","21-1000620"
"1-1000621","21-1000621"
"1-1000622","21-1000622"
"1-1000623","21-1000623"
"1-1000624","21-1000624"
"1-1000625","21-1000625"
"1-1000626","21-1000626"
"1-1000627","21-1000627"
"1-1000628","21-1000628"
"1-1000629","21-1000629"
"1-1000630","21-1000630"
"1-1000631","21-1000631"
"1-1000632","21-1000632"
"1-1000633","21-1000633"
"1-1000634","21-1000634"
"1-1000635","21-1000635"
"1-1000636","21-1000636"
"1-1000637","21-1000637"
"1-1000638","21-1000638"
"1-1000639","21-1000639"
"1-1000640","21-1000640"
"1-1000641","21-1000641"
"1-1000642","21-1000642"
"1-1000643","21-1000643"
"1-1000644","21-1000644"
"1-1000645","21-1000645"
"1-1000646","21-1000646"
"1-1000647","21-1000647"
"1-1000648","21-1000648"
"1-1000649","21-1000649"
"1-1000650","21-1000650"
"1-1000651","21-1000651"
"1-1000652","21-1000652"
"1-1000653","21-1000653"
"1-1000654","21-1000654"
"1-1000655","21-1000655"
"1-1000656","21-1000656"
"1-1000657","21-1000657"
"1-1000658","21-1000658"
"1-1000659","21-1000659"
"1-1000660","21-1000660"
"1-1000661","21-1000661"
"1-1000662","21-1000662"
"1-1000663","21-1000663"
"1-1000664","21-1000664"
"1-1000665","21-1000665"
"1-1000666","21-1000666"
"1-1000667","21-1000667"
"1-1000668","21-1000668"
"1-1000669","21-1000669"
"1-1000670","21-1000670"
"1-1000671","21-1000671"
"1-1000672","21-1000672"
"1-1000673","21-1000673"
"1-1000674","21-1000674"
"1-1000675","21-1000675"
"1-1000676","21-1000676"
"1-1000677","21-1000677"
"1-1000678","21-1000678"
"1-1000679","21-1000679"
"1-1000680","21-1000680"
"1-1000681","21-1000681"
"1-1000682","21-1000682"
"1-1000683","21-1000683"
"1-1000684","21-1000684"
"1-1000685","21-1000685"
"1-1000686","21-1000686"
"1-1000687","21-1000687"
"1-1000688","21-1000688"
"1-1000689","21-1000689"
"1-1000690","21-1000690"
"1-1000691","21-1000691"
"1-1000692","21-1000692"
"1-1000693","21-1000693"
"1-1000694","21-1000694"
"1-1000695","21-1000695"
"1-1000696","21-1000696"
"1-1000697","21-1000697"
"1-1000698","21-1000698"
"1-1000699","21-1000699"
"1-1000700","21-1000700"
"1-1000701","21-1000701"
"1-1000702","21-1000702"
"1-1000703","21-1000703"
"1-1000704","21-1000704"
"1-1000705","21-1000705"
"1-1000706","21-1000706"
"1-1000707","21-1000707"
"1-1000708","21-1000708"
"1-1000709","21-1000709"
"1-1000710","21-1000710"
"1-1000711","21-1000711"
"1-1000712","21-1000712"
"1-1000713","21-1000713"
"1-1000714","21-1000714"
"1-1000715","21-1000715"
"1-1000716","21-1000716"
"1-1000717","21-1000717"
"1-1000718","21-1000718"
"1-1000719","21-1000719"
"1-1000720","21-1000720"
"1-1000721","21-1000721"
"1-1000722","21-1000722"
"1-1000723","21-1000723"
"1-1000724","21-1000724"
"1-1000725","21-1000725"
"1-1000726","21-1000726"
"1-1000727","21-1000727"
"1-1000728","21-1000728"
"1-1000729","21-1000729"
"1-1000730","21-1000730"
"1-1000731","21-1000731"
"1-1000732","21-1000732"
"1-1000733","21-1000733"
"1-1000734","21-1000734"
"1-1000735","21-1000735"
"1-1000736","21-1000736"
"1-1000737","21-1000737"
"1-1000738","21-1000738"
"1-1000739","21-1000739"
"1-1000740","21-1000740"
"1-1000741","21-1000741"
"1-1000742","21-1000742"
"1-1000743","21-1000743"
"1-1000744","21-1000744"
"1-1000745","21-1000745"
"1-1000746","21-1000746"
"1-1000747","21-1000747"
"1-1000748","21-1000748"
"1-1000749","21-1000749"
"1-1000750","21-1000750"
"1-1000751","21-1000751"
"1-1000752","21-1000752"
"1-1000753","21-1000753"
"1-1000754","21-1000754"
"1-1000755","21-1000755"
"1-1000756","21-1000756"
"1-1000757","21-1000757"
"1-1000758","21-1000758"
"1-1000759","21-1000759"
"1-1000760","21-1000760"
"1-1000761","21-1000761"
"1-1000762","21-1000762"
"1-1000763","21-1000763"
"1-1000764","21-1000764"
"1-1000765","21-1000765"
"1-1000766","21-1000766"
"1-1000767","21-1000767"
"1-1000768","21-1000768"
"1-1000769","21-1000769"
"1-1000770","21-1000770"
"1-1000771","21-1000771"
"1-1000772","21-1000772"
"1-1000773","21-1000773"
"1-1000774","21-1000774"
"1-1000775","21-1000775"
"1-1000776","21-1000776"
"1-1000777","21-1000777"
"1-1000778","21-1000778"
"1-1000779","21-1000779"
"1-1000780","21-1000780"
"1-1000781","21-1000781"
"1-1000782","21-1000782"
"1-1000783","21-1000783"
"1-1000784","21-1000784"
"1-1000785","21-1000785"
"1-1000786","21-1000786"
"1-1000787","21-1000787"
"1-1000788","21-1000788"
"1-1000789","21-1000789"
"1-1000790","21-1000790"
"1-1000791","21-1000791"
"1-1000792","21-1000792"
"1-1000793","21-1000793"
"1-1000794","21-1000794"
"1-1000795","21-1000795"
"1-1000796","21-1000796"
"1-1000797","21-1000797"
"1-1000798","21-1000798"
"1-1000799","21-1000799"
"1-1000800","21-1000800"
"1-1000801","21-1000801"
"1-1000802","21-1000802"
"1-1000803","21-1000803"
"1-1000804","21-1000804"
"1-1000805","21-1000805"
"1-1000806","21-1000806"
"1-1000807","21-1000807"
"1-1000808","21-1000808"
"1-1000809","21-1000809"
"1-1000810","21-1000810"
"1-1000811","21-1000811"
"1-1000812","21-1000812"
"1-1000813","21-1000813"
"1-1000814","21-1000814"
"1-1000815","21-1000815"
"1-1000816","21-1000816"
"1-1000817","21-1000817"
"1-1000818","21-1000818"
"1-1000819","21-1000819"
"1-1000820","21-1000820"
"1-1000821","21-1000821"
"1-1000822","21-1000822"
"1-1000823","21-1000823"
"1-1000824","21-1000824"
"1-1000825","21-1000825"
"1-1000826","21-1000826"
"1-1000827","21-1000827"
"1-1000828","21-1000828"
"1-1000829","21-1000829"
"1-1000830","21-1000830"
"1-1000831","21-1000831"
"1-1000832","21-1000832"
"1-1000833","21-1000833"
"1-1000834","21-1000834"
"1-1000835","21-1000835"
"1-1000836","21-1000836"
"1-1000837","21-1000837"
"1-1000838","21-1000838"
"1-1000839","21-1000839"
"1-1000840","21-1000840"
"1-1000841","21-1000841"
"1-1000842","21-1000842"
"1-1000843","21-1000843"
"1-1000844","21-1000844"
"1-1000845","21-1000845"
"1-1000846","21-1000846"
"1-1000847","21-1000847"
"1-1000848","21-1000848"
"1-1000849","21-1000849"
"1-1000850","21-1000850"
"1-1000851","21-1000851"
"1-1000852","21-1000852"
"1-1000853","21-1000853"
"1-1000854","21-1000854"
"1-1000855","21-1000855"
"1-1000856","21-1000856"
"1-1000857","21-1000857"
"1-1000858","21-1000858"
"1-1000859","21-1000859"
"1-1000860","21-1000860"
"1-1000861","21-1000861"
"1-1000862","21-1000862"
"1-1000863","21-1000863"
"1-1000864","21-1000864"
"1-1000865","21-1000865"
"1-1000866","21-1000866"
"1-1000867","21-1000867"
"1-1000868","21-1000868"
"1-1000869","21-1000869"
"1-1000870","21-1000870"
"1-1000871","21-1000871"
"1-1000872","21-1000872"
"1-1000873","21-1000873"
"1-1000874","21-1000874"
"1-1000875","21-1000875"
"1-1000876","21-1000876"
"1-1000877","21-1000877"
"1-1000878","21-1000878"
"1-1000879","21-1000879"
"1-1000880","21-1000880"
"1-1000881","21-1000881"
"1-1000882","21-1000882"
"1-1000883","21-1000883"
"1-1000884","21-1000884"
"1-1000885","21-1000885"
"1-1000886","21-1000886"
"1-1000887","21-1000887"
"1-1000888","21-1000888"
"1-1000889","21-1000889"
"1-1000890","21-1000890"
"1-1000891","21-1000891"
"1-1000892","21-1000892"
"1-1000893","21-1000893"
"1-1000894","21-1000894"
"1-1000895","21-1000895"
"1-1000896","21-1000896"
"1-1000897","21-1000897"
"1-1000898","21-1000898"
"1-1000899","21-1000899"
"1-1000900","21-1000900"
"1-1000901","21-1000901"
"1-1000902","21-1000902"
"1-1000903","21-1000903"
"1-1000904","21-1000904"
"1-1000905","21-1000905"
"1-1000906","21-1000906"
"1-1000907","21-1000907"
"1-1000908","21-1000908"
"1-1000909","21-1000909"
"1-1000910","21-1000910"
"1-1000911","21-1000911"
"1-1000912","21-1000912"
"1-1000913","21-1000913"
"1-1000914","21-1000914"
"1-1000915","21-1000915"
"1-1000916","21-1000916"
"1-1000917","21-1000917"
"1-1000918","21-1000918"
"1-1000919","21-1000919"
"1-1000920","21-1000920"
"1-1000921","21-1000921"
"1-1000922","21-1000922"
"1-1000923","21-1000923"
"1-1000924","21-1000924"
"1-1000925","21-1000925"
"1-1000926","21-1000926"
"1-1000927","21-1000927"
"1-1000928","21-1000928"
"1-1000929","21-1000929"
"1-1000930","21-1000930"
"1-1000931","21-1000931"
"1-1000932","21-1000932"
"1-1000933","21-1000933"
"1-1000934","21-1000934"
"1-1000935","21-1000935"
"1-1000936","21-1000936"
"1-1000937","21-1000937"
"1-1000938","21-1000938"
"1-1000939","21-1000939"
"1-1000940","21-1000940"
"1-1000941","21-1000941"
"1-1000942","21-1000942"
"1-1000943","21-1000943"
"1-1000944","21-1000944"
"1-1000945","21-1000945"
"1-1000946","21-1000946"
"1-1000947","21-1000947"
"1-1000948","21-1000948"
"1-1000949","21-1000949"
"1-1000950","21-1000950"
"1-1000951","21-1000951"
"1-1000952","21-1000952"
"1-1000953","21-1000953"
"1-1000954","21-1000954"
"1-1000955","21-1000955"
"1-1000956","21-1000956"
"1-1000957","21-1000957"
"1-1000958","21-1000958"
"1-1000959","21-1000959"
"1-1000960","21-1000960"
"1-1000961","21-1000961"
"1-1000962","21-1000962"
"1-1000963","21-1000963"
"1-1000964","21-1000964"
"1-1000965","21-1000965"
"1-1000966","21-1000966"
"1-1000967","21-1000967"
"1-1000968","21-1000968"
"1-1000969","21-1000969"
"1-1000970","21-1000970"
"1-1000971","21-1000971"
"1-1000972","21-1000972"
"1-1000973","21-1000973"
"1-1000974","21-1000974"
"1-1000975","21-1000975"
"1-1000976","21-1000976"
"1-1000977","21-1000977"
"1-1000978","21-1000978"
"1-1000979","21-1000979"
"1-1000980","21-1000980"
"1-1000981","21-1000981"
"1-1000982","21-1000982"
"1-1000983","21-1000983"
"1-1000984","21-1000984"
"1-1000985","21-1000985"
"1-1000986","21-1000986"
"1-1000987","21-1000987"
"1-1000988","21-1000988"
"1-1000989","21-1000989"
"1-1000990","21-1000990"
"1-1000991","21-1000991"
"1-1000992","21-1000992"
"1-1000993","21-1000993"
"1-1000994","21-1000994"
"1-1000995","21-1000995"
"1-1000996","21-1000996"
"1-1000997","21-1000997"
"1-1000998","21-1000998"
"1-1000999","21-1000999"
"1-1001000","21-1001000"
"1-1001001","21-1001001"
"1-1001002","21-1001002"
"1-1001003","21-1001003"
"1-1001004","21-1001004"
"1-1001005","21-1001005"
"1-1001006","21-1001006"
"1-1001007","21-1001007"
"1-1001008","21-1001008"
"1-1001009","21-1001009"
"1-1001010","21-1001010"
"1-1001011","21-1001011"
"1-1001012","21-1001012"
"1-1001013","21-1001013"
"1-1001014","21-1001014"
"1-1001015","21-1001015"
"1-1001016","21-1001016"
"1-1001017","21-1001017"
"1-1001018","21-1001018"
"1-1001019","21-1001019"
"1-1001020","21-1001020"
"1-1001021","21-1001021"
"1-1001022","21-1001022"
"1-1001023","21-1001023"
"1-1001024","21-1001024"
"1-1001025","21-1001025"
"1-1001026","21-1001026"
"1-1001027","21-1001027"
"1-1001028","21-1001028"
"1-1001029","21-1001029"
"1-1001030","21-1001030"
"1-1001031","21-1001031"
"1-1001032","21-1001032"
"1-1001033","21-1001033"
"1-1001034","21-1001034"
"1-1001035","21-1001035"
"1-1001036","21-1001036"
"1-1001037","21-1001037"
"1-1001038","21-1001038"
"1-1001039","21-1001039"
"1-1001040","21-1001040"
"1-1001041","21-1001041"
"1-1001042","21-1001042"
"1-1001043","21-1001043"
"1-1001044","21-1001044"
"1-1001045","21-1001045"
"1-1001046","21-1001046"
"1-1001047","21-1001047"
"1-1001048","21-1001048"
"1-1001049","21-1001049"
"1-1001050","21-1001050"
"1-1001051","21-1001051"
"1-1001052","21-1001052"
"1-1001053","21-1001053"
"1-1001054","21-1001054"
"1-1001055","21-1001055"
"1-1001056","21-1001056"
"1-1001057","21-1001057"
"1-1001058","21-1001058"
"1-1001059","21-1001059"
"1-1001060","21-1001060"
"1-1001061","21-1001061"
"1-1001062","21-1001062"
"1-1001063","21-1001063"
"1-1001064","21-1001064"
"1-1001065","21-1001065"
"1-1001066","21-1001066"
"1-1001067","21-1001067"
"1-1001068","21-1001068"
"1-1001069","21-1001069"
"1-1001070","21-1001070"
"1-1001071","21-1001071"
"1-1001072","21-1001072"
"1-1001073","21-1001073"
"1-1001074","21-1001074"
"1-1001075","21-1001075"
"1-1001076","21-1001076"
"1-1001077","21-1001077"
"1-1001078","21-1001078"
"1-1001079","21-1001079"
"1-1001080","21-1001080"
"1-1001081","21-1001081"
"1-1001082","21-1001082"
"1-1001083","21-1001083"
"1-1001084","21-1001084"
"1-1001085","21-1001085"
"1-1001086","21-1001086"
"1-1001087","21-1001087"
"1-1001088","21-1001088"
"1-1001089","21-1001089"
"1-1001090","21-1001090"
"1-1001091","21-1001091"
"1-1001092","21-1001092"
"1-1001093","21-1001093"
"1-1001094","21-1001094"
"1-1001095","21-1001095"
"1-1001096","21-1001096"
"1-1001097","21-1001097"
"1-1001098","21-1001098"
"1-1001099","21-1001099"
"1-1001100","21-1001100"
"1-1001101","21-1001101"
"1-1001102","21-1001102"
"1-1001103","21-1001103"
"1-1001104","21-1001104"
"1-1001105","21-1001105"
"1-1001106","21-1001106"
"1-1001107","21-1001107"
"1-1001108","21-1001108"
"1-1001109","21-1001109"
"1-1001110","21-1001110"
"1-1001111","21-1001111"
"1-1001112","21-1001112"
"1-1001113","21-1001113"
"1-1001114","21-1001114"
"1-1001115","21-1001115"
"1-1001116","21-1001116"
"1-1001117","21-1001117"
"1-1001118","21-1001118"
"1-1001119","21-1001119"
"1-1001120","21-1001120"
"1-1001121","21-1001121"
"1-1001122","21-1001122"
"1-1001123","21-1001123"
"1-1001124","21-1001124"
"1-1001125","21-1001125"
"1-1001126","21-1001126"
"1-1001127","21-1001127"
"1-1001128","21-1001128"
"1-1001129","21-1001129"
"1-1001130","21-1001130"
"1-1001131","21-1001131"
"1-1001132","21-1001132"
"1-1001133","21-1001133"
"1-1001134","21-1001134"
"1-1001135","21-1001135"
"1-1001136","21-1001136"
"1-1001137","21-1001137"
"1-1001138","21-1001138"
"1-1001139","21-1001139"
"1-1001140","21-1001140"
"1-1001141","21-1001141"
"1-1001142","21-1001142"
"1-1001143","21-1001143"
"1-1001144","21-1001144"
"1-1001145","21-1001145"
"1-1001146","21-1001146"
"1-1001147","21-1001147"
"1-1001148","21-1001148"
"1-1001149","21-1001149"
"1-1001150","21-1001150"
"1-1001151","21-1001151"
"1-1001152","21-1001152"
"1-1001153","21-1001153"
"1-1001154","21-1001154"
"1-1001155","21-1001155"
"1-1001156","21-1001156"
"1-1001157","21-1001157"
"1-1001158","21-1001158"
"1-1001159","21-1001159"
"1-1001160","21-1001160"
"1-1001161","21-1001161"
"1-1001162","21-1001162"
"1-1001163","21-1001163"
"1-1001164","21-1001164"
"1-1001165","21-1001165"
"1-1001166","21-1001166"
"1-1001167","21-1001167"
"1-1001168","21-1001168"
"1-1001169","21-1001169"
"1-1001170","21-1001170"
"1-1001171","21-1001171"
"1-1001172","21-1001172"
"1-1001173","21-1001173"
"1-1001174","21-1001174"
"1-1001175","21-1001175"
"1-1001176","21-1001176"
"1-1001177","21-1001177"
"1-1001178","21-1001178"
"1-1001179","21-1001179"
"1-1001180","21-1001180"
"1-1001181","21-1001181"
"1-1001182","21-1001182"
"1-1001183","21-1001183"
"1-1001184","21-1001184"
"1-1001185","21-1001185"
"1-1001186","21-1001186"
"1-1001187","21-1001187"
"1-1001188","21-1001188"
"1-1001189","21-1001189"
"1-1001190","21-1001190"
"1-1001191","21-1001191"
"1-1001192","21-1001192"
"1-1001193","21-1001193"
"1-1001194","21-1001194"
"1-1001195","21-1001195"
"1-1001196","21-1001196"
"1-1001197","21-1001197"
"1-1001198","21-1001198"
"1-1001199","21-1001199"
"1-1001200","21-1001200"
"1-1001201","21-1001201"
"1-1001202","21-1001202"
"1-1001203","21-1001203"
"1-1001204","21-1001204"
"1-1001205","21-1001205"
"1-1001206","21-1001206"
"1-1001207","21-1001207"
"1-1001208","21-1001208"
"1-1001209","21-1001209"
"1-1001210","21-1001210"
"1-1001211","21-1001211"
"1-1001212","21-1001212"
"1-1001213","21-1001213"
"1-1001214","21-1001214"
"1-1001215","21-1001215"
"1-1001216","21-1001216"
"1-1001217","21-1001217"
"1-1001218","21-1001218"
"1-1001219","21-1001219"
"1-1001220","21-1001220"
"1-1001221","21-1001221"
"1-1001222","21-1001222"
"1-1001223","21-1001223"
"1-1001224","21-1001224"
"1-1001225","21-1001225"
"1-1001226","21-1001226"
"1-1001227","21-1001227"
"1-1001228","21-1001228"
"1-1001229","21-1001229"
"1-1001230","21-1001230"
"1-1001231","21-1001231"
"1-1001232","21-1001232"
"1-1001233","21-1001233"
"1-1001234","21-1001234"
"1-1001235","21-1001235"
"1-1001236","21-1001236"
"1-1001237","21-1001237"
"1-1001238","21-1001238"
"1-1001239","21-1001239"
"1-1001240","21-1001240"
"1-1001241","21-1001241"
"1-1001242","21-1001242"
"1-1001243","21-1001243"
"1-1001244","21-1001244"
"1-1001245","21-1001245"
"1-1001246","21-1001246"
"1-1001247","21-1001247"
"1-1001248","21-1001248"
"1-1001249","21-1001249"
"1-1001250","21-1001250"
"1-1001251","21-1001251"
"1-1001252","21-1001252"
"1-1001253","21-1001253"
"1-1001254","21-1001254"
"1-1001255","21-1001255"
"1-1001256","21-1001256"
"1-1001257","21-1001257"
"1-1001258","21-1001258"
"1-1001259","21-1001259"
"1-1001260","21-1001260"
"1-1001261","21-1001261"
"1-1001262","21-1001262"
"1-1001263","21-1001263"
"1-1001264","21-1001264"
"1-1001265","21-1001265"
"1-1001266","21-1001266"
"1-1001267","21-1001267"
"1-1001268","21-1001268"
"1-1001269","21-1001269"
"1-1001270","21-1001270"
"1-1001271","21-1001271"
"1-1001272","21-1001272"
"1-1001273","21-1001273"
"1-1001274","21-1001274"
"1-1001275","21-1001275"
"1-1001276","21-1001276"
"1-1001277","21-1001277"
"1-1001278","21-1001278"
"1-1001279","21-1001279"
"1-1001280","21-1001280"
"1-1001281","21-1001281"
"1-1001282","21-1001282"
"1-1001283","21-1001283"
"1-1001284","21-1001284"
"1-1001285","21-1001285"
"1-1001286","21-1001286"
"1-1001287","21-1001287"
"1-1001288","21-1001288"
"1-1001289","21-1001289"
"1-1001290","21-1001290"
"1-1001291","21-1001291"
"1-1001292","21-1001292"
"1-1001293","21-1001293"
"1-1001294","21-1001294"
"1-1001295","21-1001295"
"1-1001296","21-1001296"
"1-1001297","21-1001297"
"1-1001298","21-1001298"
"1-1001299","21-1001299"
"1-1001300","21-1001300"
"1-1001301","21-1001301"
"1-1001302","21-1001302"
"1-1001303","21-1001303"
"1-1001304","21-1001304"
"1-1001305","21-1001305"
"1-1001306","21-1001306"
"1-1001307","21-1001307"
"1-1001308","21-1001308"
"1-1001309","21-1001309"
"1-1001310","21-1001310"
"1-1001311","21-1001311"
"1-1001312","21-1001312"
"1-1001313","21-1001313"
"1-1001314","21-1001314"
"1-1001315","21-1001315"
"1-1001316","21-1001316"
"1-1001317","21-1001317"
"1-1001318","21-1001318"
"1-1001319","21-1001319"
"1-1001320","21-1001320"
"1-1001321","21-1001321"
"1-1001322","21-1001322"
"1-1001323","21-1001323"
"1-1001324","21-1001324"
"1-1001325","21-1001325"
"1-1001326","21-1001326"
"1-1001327","21-1001327"
"1-1001328","21-1001328"
"1-1001329","21-1001329"
"1-1001330","21-1001330"
"1-1001331","21-1001331"
"1-1001332","21-1001332"
"1-1001333","21-1001333"
"1-1001334","21-1001334"
"1-1001335","21-1001335"
"1-1001336","21-1001336"
"1-1001337","21-1001337"
"1-1001338","21-1001338"
"1-1001339","21-1001339"
"1-1001340","21-1001340"
"1-1001341","21-1001341"
"1-1001342","21-1001342"
"1-1001343","21-1001343"
"1-1001344","21-1001344"
"1-1001345","21-1001345"
"1-1001346","21-1001346"
"1-1001347","21-1001347"
"1-1001348","21-1001348"
"1-1001349","21-1001349"
"1-1001350","21-1001350"
"1-1001351","21-1001351"
"1-1001352","21-1001352"
"1-1001353","21-1001353"
"1-1001354","21-1001354"
"1-1001355","21-1001355"
"1-1001356","21-1001356"
"1-1001357","21-1001357"
"1-1001358","21-1001358"
"1-1001359","21-1001359"
"1-1001360","21-1001360"
"1-1001361","21-1001361"
"1-1001362","21-1001362"
"1-1001363","21-1001363"
"1-1001364","21-1001364"
"1-1001365","21-1001365"
"1-1001366","21-1001366"
"1-1001367","21-1001367"
"1-1001368","21-1001368"
"1-1001369","21-1001369"
"1-1001370","21-1001370"
"1-1001371","21-1001371"
"1-1001372","21-1001372"
"1-1001373","21-1001373"
"1-1001374","21-1001374"
"1-1001375","21-1001375"
"1-1001376","21-1001376"
"1-1001377","21-1001377"
"1-1001378","21-1001378"
"1-1001379","21-1001379"
"1-1001380","21-1001380"
"1-1001381","21-1001381"
"1-1001382","21-1001382"
"1-1001383","21-1001383"
"1-1001384","21-1001384"
"1-1001385","21-1001385"
"1-1001386","21-1001386"
"1-1001387","21-1001387"
"1-1001388","21-1001388"
"1-1001389","21-1001389"
"1-1001390","21-1001390"
"1-1001391","21-1001391"
"1-1001392","21-1001392"
"1-1001393","21-1001393"
"1-1001394","21-1001394"
"1-1001395","21-1001395"
"1-1001396","21-1001396"
"1-1001397","21-1001397"
"1-1001398","21-1001398"
"1-1001399","21-1001399"
"1-1001400","21-1001400"
"1-1001401","21-1001401"
"1-1001402","21-1001402"
"1-1001403","21-1001403"
"1-1001404","21-1001404"
"1-1001405","21-1001405"
"1-1001406","21-1001406"
"1-1001407","21-1001407"
"1-1001408","21-1001408"
"1-1001409","21-1001409"
"1-1001410","21-1001410"
"1-1001411","21-1001411"
"1-1001412","21-1001412"
"1-1001413","21-1001413"
"1-1001414","21-1001414"
"1-1001415","21-1001415"
"1-1001416","21-1001416"
"1-1001417","21-1001417"
"1-1001418","21-1001418"
"1-1001419","21-1001419"
"1-1001420","21-1001420"
"1-1001421","21-1001421"
"1-1001422","21-1001422"
"1-1001423","21-1001423"
"1-1001424","21-1001424"
"1-1001425","21-1001425"
"1-1001426","21-1001426"
"1-1001427","21-1001427"
"1-1001428","21-1001428"
"1-1001429","21-1001429"
"1-1001430","21-1001430"
"1-1001431","21-1001431"
"1-1001432","21-1001432"
"1-1001433","21-1001433"
"1-1001434","21-1001434"
"1-1001435","21-1001435"
"1-1001436","21-1001436"
"1-1001437","21-1001437"
"1-1001438","21-1001438"
"1-1001439","21-1001439"
"1-1001440","21-1001440"
"1-1001441","21-1001441"
"1-1001442","21-1001442"
"1-1001443","21-1001443"
"1-1001444","21-1001444"
"1-1001445","21-1001445"
"1-1001446","21-1001446"
"1-1001447","21-1001447"
"1-1001448","21-1001448"
"1-1001449","21-1001449"
"1-1001450","21-1001450"
"1-1001451","21-1001451"
"1-1001452","21-1001452"
"1-1001453","21-1001453"
"1-1001454","21-1001454"
"1-1001455","21-1001455"
"1-1001456","21-1001456"
"1-1001457","21-1001457"
"1-1001458","21-1001458"
"1-1001459","21-1001459"
"1-1001460","21-1001460"
"1-1001461","21-1001461"
"1-1001462","21-1001462"
"1-1001463","21-1001463"
"1-1001464","21-1001464"
"1-1001465","21-1001465"
"1-1001466","21-1001466"
"1-1001467","21-1001467"
"1-1001468","21-1001468"
"1-1001469","21-1001469"
"1-1001470","21-1001470"
"1-1001471","21-1001471"
"1-1001472","21-1001472"
"1-1001473","21-1001473"
"1-1001474","21-1001474"
"1-1001475","21-1001475"
"1-1001476","21-1001476"
"1-1001477","21-1001477"
"1-1001478","21-1001478"
"1-1001479","21-1001479"
"1-1001480","21-1001480"
"1-1001481","21-1001481"
"1-1001482","21-1001482"
"1-1001483","21-1001483"
"1-1001484","21-1001484"
"1-1001485","21-1001485"
"1-1001486","21-1001486"
"1-1001487","21-1001487"
"1-1001488","21-1001488"
"1-1001489","21-1001489"
"1-1001490","21-1001490"
"1-1001491","21-1001491"
"1-1001492","21-1001492"
"1-1001493","21-1001493"
"1-1001494","21-1001494"
"1-1001495","21-1001495"
"1-1001496","21-1001496"
"1-1001497","21-1001497"
"1-1001498","21-1001498"
"1-1001499","21-1001499"
"1-1001500","21-1001500"
"1-1001501","21-1001501"
"1-1001502","21-1001502"
"1-1001503","21-1001503"
"1-1001504","21-1001504"
"1-1001505","21-1001505"
"1-1001506","21-1001506"
"1-1001507","21-1001507"
"1-1001508","21-1001508"
"1-1001509","21-1001509"
"1-1001510","21-1001510"
"1-1001511","21-1001511"
"1-1001512","21-1001512"
"1-1001513","21-1001513"
"1-1001514","21-1001514"
"1-1001515","21-1001515"
"1-1001516","21-1001516"
"1-1001517","21-1001517"
"1-1001518","21-1001518"
"1-1001519","21-1001519"
"1-1001520","21-1001520"
"1-1001521","21-1001521"
"1-1001522","21-1001522"
"1-1001523","21-1001523"
"1-1001524","21-1001524"
"1-1001525","21-1001525"
"1-1001526","21-1001526"
"1-1001527","21-1001527"
"1-1001528","21-1001528"
"1-1001529","21-1001529"
"1-1001530","21-1001530"
"1-1001531","21-1001531"
"1-1001532","21-1001532"
"1-1001533","21-1001533"
"1-1001534","21-1001534"
"1-1001535","21-1001535"
"1-1001536","21-1001536"
"1-1001537","21-1001537"
"1-1001538","21-1001538"
"1-1001539","21-1001539"
"1-1001540","21-1001540"
"1-1001541","21-1001541"
"1-1001542","21-1001542"
"1-1001543","21-1001543"
"1-1001544","21-1001544"
"1-1001545","21-1001545"
"1-1001546","21-1001546"
"1-1001547","21-1001547"
"1-1001548","21-1001548"
"1-1001549","21-1001549"
"1-1001550","21-1001550"
"1-1001551","21-1001551"
"1-1001552","21-1001552"
"1-1001553","21-1001553"
"1-1001554","21-1001554"
"1-1001555","21-1001555"
"1-1001556","21-1001556"
"1-1001557","21-1001557"
"1-1001558","21-1001558"
"1-1001559","21-1001559"
"1-1001560","21-1001560"
"1-1001561","21-1001561"
"1-1001562","21-1001562"
"1-1001563","21-1001563"
"1-1001564","21-1001564"
"1-1001565","21-1001565"
"1-1001566","21-1001566"
"1-1001567","21-1001567"
"1-1001568","21-1001568"
"1-1001569","21-1001569"
"1-1001570","21-1001570"
"1-1001571","21-1001571"
"1-1001572","21-1001572"
"1-1001573","21-1001573"
"1-1001574","21-1001574"
"1-1001575","21-1001575"
"1-1001576","21-1001576"
"1-1001577","21-1001577"
"1-1001578","21-1001578"
"1-1001579","21-1001579"
"1-1001580","21-1001580"
"1-1001581","21-1001581"
"1-1001582","21-1001582"
"1-1001583","21-1001583"
"1-1001584","21-1001584"
"1-1001585","21-1001585"
"1-1001586","21-1001586"
"1-1001587","21-1001587"
"1-1001588","21-1001588"
"1-1001589","21-1001589"
"1-1001590","21-1001590"
"1-1001591","21-1001591"
"1-1001592","21-1001592"
"1-1001593","21-1001593"
"1-1001594","21-1001594"
"1-1001595","21-1001595"
"1-1001596","21-1001596"
"1-1001597","21-1001597"
"1-1001598","21-1001598"
"1-1001599","21-1001599"
"1-1001600","21-1001600"
"1-1001601","21-1001601"
"1-1001602","21-1001602"
"1-1001603","21-1001603"
"1-1001604","21-1001604"
"1-1001605","21-1001605"
"1-1001606","21-1001606"
"1-1001607","21-1001607"
"1-1001608","21-1001608"
"1-1001609","21-1001609"
"1-1001610","21-1001610"
"1-1001611","21-1001611"
"1-1001612","21-1001612"
"1-1001613","21-1001613"
"1-1001614","21-1001614"
"1-1001615","21-1001615"
"1-1001616","21-1001616"
"1-1001617","21-1001617"
"1-1001618","21-1001618"
"1-1001619","21-1001619"
"1-1001620","21-1001620"
"1-1001621","21-1001621"
"1-1001622","21-1001622"
"1-1001623","21-1001623"
"1-1001624","21-1001624"
"1-1001625","21-1001625"
"1-1001626","21-1001626"
"1-1001627","21-1001627"
"1-1001628","21-1001628"
"1-1001629","21-1001629"
"1-1001630","21-1001630"
"1-1001631","21-1001631"
"1-1001632","21-1001632"
"1-1001633","21-1001633"
"1-1001634","21-1001634"
"1-1001635","21-1001635"
"1-1001636","21-1001636"
"1-1001637","21-1001637"
"1-1001638","21-1001638"
"1-1001639","21-1001639"
"1-1001640","21-1001640"
"1-1001641","21-1001641"
"1-1001642","21-1001642"
"1-1001643","21-1001643"
"1-1001644","21-1001644"
"1-1001645","21-1001645"
"1-1001646","21-1001646"
"1-1001647","21-1001647"
"1-1001648","21-1001648"
"1-1001649","21-1001649"
"1-1001650","21-1001650"
"1-1001651","21-1001651"
"1-1001652","21-1001652"
"1-1001653","21-1001653"
"1-1001654","21-1001654"
"1-1001655","21-1001655"
"1-1001656","21-1001656"
"1-1001657","21-1001657"
"1-1001658","21-1001658"
"1-1001659","21-1001659"
"1-1001660","21-1001660"
"1-1001661","21-1001661"
"1-1001662","21-1001662"
"1-1001663","21-1001663"
"1-1001664","21-1001664"
"1-1001665","21-1001665"
"1-1001666","21-1001666"
"1-1001667","21-1001667"
"1-1001668","21-1001668"
"1-1001669","21-1001669"
"1-1001670","21-1001670"
"1-1001671","21-1001671"
"1-1001672","21-1001672"
"1-1001673","21-1001673"
"1-1001674","21-1001674"
"1-1001675","21-1001675"
"1-1001676","21-1001676"
"1-1001677","21-1001677"
"1-1001678","21-1001678"
"1-1001679","21-1001679"
"1-1001680","21-1001680"
"1-1001681","21-1001681"
"1-1001682","21-1001682"
"1-1001683","21-1001683"
"1-1001684","21-1001684"
"1-1001685","21-1001685"
"1-1001686","21-1001686"
"1-1001687","21-1001687"
"1-1001688","21-1001688"
"1-1001689","21-1001689"
"1-1001690","21-1001690"
"1-1001691","21-1001691"
"1-1001692","21-1001692"
"1-1001693","21-1001693"
"1-1001694","21-1001694"
"1-1001695","21-1001695"
"1-1001696","21-1001696"
"1-1001697","21-1001697"
"1-1001698","21-1001698"
"1-1001699","21-1001699"
"1-1001700","21-1001700"
"1-1001701","21-1001701"
"1-1001702","21-1001702"
"1-1001703","21-1001703"
"1-1001704","21-1001704"
"1-1001705","21-1001705"
"1-1001706","21-1001706"
"1-1001707","21-1001707"
"1-1001708","21-1001708"
"1-1001709","21-1001709"
"1-1001710","21-1001710"
"1-1001711","21-1001711"
"1-1001712","21-1001712"
"1-1001713","21-1001713"
"1-1001714","21-1001714"
"1-1001715","21-1001715"
"1-1001716","21-1001716"
"1-1001717","21-1001717"
"1-1001718","21-1001718"
"1-1001719","21-1001719"
"1-1001720","21-1001720"
"1-1001721","21-1001721"
"1-1001722","21-1001722"
"1-1001723","21-1001723"
"1-1001724","21-1001724"
"1-1001725","21-1001725"
"1-1001726","21-1001726"
"1-1001727","21-1001727"
"1-1001728","21-1001728"
"1-1001729","21-1001729"
"1-1001730","21-1001730"
"1-1001731","21-1001731"
"1-1001732","21-1001732"
"1-1001733","21-1001733"
"1-1001734","21-1001734"
"1-1001735","21-1001735"
"1-1001736","21-1001736"
"1-1001737","21-1001737"
"1-1001738","21-1001738"
"1-1001739","21-1001739"
"1-1001740","21-1001740"
"1-1001741","21-1001741"
"1-1001742","21-1001742"
"1-1001743","21-1001743"
"1-1001744","21-1001744"
"1-1001745","21-1001745"
"1-1001746","21-1001746"
"1-1001747","21-1001747"
"1-1001748","21-1001748"
"1-1001749","21-1001749"
"1-1001750","21-1001750"
"1-1001751","21-1001751"
"1-1001752","21-1001752"
"1-1001753","21-1001753"
"1-1001754","21-1001754"
"1-1001755","21-1001755"
"1-1001756","21-1001756"
"1-1001757","21-1001757"
"1-1001758","21-1001758"
"1-1001759","21-1001759"
"1-1001760","21-1001760"
"1-1001761","21-1001761"
"1-1001762","21-1001762"
"1-1001763","21-1001763"
"1-1001764","21-1001764"
"1-1001765","21-1001765"
"1-1001766","21-1001766"
"1-1001767","21-1001767"
"1-1001768","21-1001768"
"1-1001769","21-1001769"
"1-1001770","21-1001770"
"1-1001771","21-1001771"
"1-1001772","21-1001772"
"1-1001773","21-1001773"
"1-1001774","21-1001774"
"1-1001775","21-1001775"
"1-1001776","21-1001776"
"1-1001777","21-1001777"
"1-1001778","21-1001778"
"1-1001779","21-1001779"
"1-1001780","21-1001780"
"1-1001781","21-1001781"
"1-1001782","21-1001782"
"1-1001783","21-1001783"
"1-1001784","21-1001784"
"1-1001785","21-1001785"
"1-1001786","21-1001786"
"1-1001787","21-1001787"
"1-1001788","21-1001788"
"1-1001789","21-1001789"
"1-1001790","21-1001790"
"1-1001791","21-1001791"
"1-1001792","21-1001792"
"1-1001793","21-1001793"
"1-1001794","21-1001794"
"1-1001795","21-1001795"
"1-1001796","21-1001796"
"1-1001797","21-1001797"
"1-1001798","21-1001798"
"1-1001799","21-1001799"
"1-1001800","21-1001800"
"1-1001801","21-1001801"
"1-1001802","21-1001802"
"1-1001803","21-1001803"
"1-1001804","21-1001804"
"1-1001805","21-1001805"
"1-1001806","21-1001806"
"1-1001807","21-1001807"
"1-1001808","21-1001808"
"1-1001809","21-1001809"
"1-1001810","21-1001810"
"1-1001811","21-1001811"
"1-1001812","21-1001812"
"1-1001813","21-1001813"
"1-1001814","21-1001814"
"1-1001815","21-1001815"
"1-1001816","21-1001816"
"1-1001817","21-1001817"
"1-1001818","21-1001818"
"1-1001819","21-1001819"
"1-1001820","21-1001820"
"1-1001821","21-1001821"
"1-1001822","21-1001822"
"1-1001823","21-1001823"
"1-1001824","21-1001824"
"1-1001825","21-1001825"
"1-1001826","21-1001826"
"1-1001827","21-1001827"
"1-1001828","21-1001828"
"1-1001829","21-1001829"
"1-1001830","21-1001830"
"1-1001831","21-1001831"
"1-1001832","21-1001832"
"1-1001833","21-1001833"
"1-1001834","21-1001834"
"1-1001835","21-1001835"
"1-1001836","21-1001836"
"1-1001837","21-1001837"
"1-1001838","21-1001838"
"1-1001839","21-1001839"
"1-1001840","21-1001840"
"1-1001841","21-1001841"
"1-1001842","21-1001842"
"1-1001843","21-1001843"
"1-1001844","21-1001844"
"1-1001845","21-1001845"
"1-1001846","21-1001846"
"1-1001847","21-1001847"
"1-1001848","21-1001848"
"1-1001849","21-1001849"
"1-1001850","21-1001850"
"1-1001851","21-1001851"
"1-1001852","21-1001852"
"1-1001853","21-1001853"
"1-1001854","21-1001854"
"1-1001855","21-1001855"
"1-1001856","21-1001856"
"1-1001857","21-1001857"
"1-1001858","21-1001858"
"1-1001859","21-1001859"
"1-1001860","21-1001860"
"1-1001861","21-1001861"
"1-1001862","21-1001862"
"1-1001863","21-1001863"
"1-1001864","21-1001864"
"1-1001865","21-1001865"
"1-1001866","21-1001866"
"1-1001867","21-1001867"
"1-1001868","21-1001868"
"1-1001869","21-1001869"
"1-1001870","21-1001870"
"1-1001871","21-1001871"
"1-1001872","21-1001872"
"1-1001873","21-1001873"
"1-1001874","21-1001874"
"1-1001875","21-1001875"
"1-1001876","21-1001876"
"1-1001877","21-1001877"
"1-1001878","21-1001878"
"1-1001879","21-1001879"
"1-1001880","21-1001880"
"1-1001881","21-1001881"
"1-1001882","21-1001882"
"1-1001883","21-1001883"
"1-1001884","21-1001884"
"1-1001885","21-1001885"
"1-1001886","21-1001886"
"1-1001887","21-1001887"
"1-1001888","21-1001888"
"1-1001889","21-1001889"
"1-1001890","21-1001890"
"1-1001891","21-1001891"
"1-1001892","21-1001892"
"1-1001893","21-1001893"
"1-1001894","21-1001894"
"1-1001895","21-1001895"
"1-1001896","21-1001896"
"1-1001897","21-1001897"
"1-1001898","21-1001898"
"1-1001899","21-1001899"
"1-1001900","21-1001900"
"1-1001901","21-1001901"
"1-1001902","21-1001902"
"1-1001903","21-1001903"
"1-1001904","21-1001904"
"1-1001905","21-1001905"
"1-1001906","21-1001906"
"1-1001907","21-1001907"
"1-1001908","21-1001908"
"1-1001909","21-1001909"
"1-1001910","21-1001910"
"1-1001911","21-1001911"
"1-1001912","21-1001912"
"1-1001913","21-1001913"
"1-1001914","21-1001914"
"1-1001915","21-1001915"
"1-1001916","21-1001916"
"1-1001917","21-1001917"
"1-1001918","21-1001918"
"1-1001919","21-1001919"
"1-1001920","21-1001920"
"1-1001921","21-1001921"
"1-1001922","21-1001922"
"1-1001923","21-1001923"
"1-1001924","21-1001924"
"1-1001925","21-1001925"
"1-1001926","21-1001926"
"1-1001927","21-1001927"
"1-1001928","21-1001928"
"1-1001929","21-1001929"
"1-1001930","21-1001930"
"1-1001931","21-1001931"
"1-1001932","21-1001932"
"1-1001933","21-1001933"
"1-1001934","21-1001934"
"1-1001935","21-1001935"
"1-1001936","21-1001936"
"1-1001937","21-1001937"
"1-1001938","21-1001938"
"1-1001939","21-1001939"
"1-1001940","21-1001940"
"1-1001941","21-1001941"
"1-1001942","21-1001942"
"1-1001943","21-1001943"
"1-1001944","21-1001944"
"1-1001945","21-1001945"
"1-1001946","21-1001946"
"1-1001947","21-1001947"
"1-1001948","21-1001948"
"1-1001949","21-1001949"
"1-1001950","21-1001950"
"1-1001951","21-1001951"
"1-1001952","21-1001952"
"1-1001953","21-1001953"
"1-1001954","21-1001954"
"1-1001955","21-1001955"
"1-1001956","21-1001956"
"1-1001957","21-1001957"
"1-1001958","21-1001958"
"1-1001959","21-1001959"
"1-1001960","21-1001960"
"1-1001961","21-1001961"
"1-1001962","21-1001962"
"1-1001963","21-1001963"
"1-1001964","21-1001964"
"1-1001965","21-1001965"
"1-1001966","21-1001966"
"1-1001967","21-1001967"
"1-1001968","21-1001968"
"1-1001969","21-1001969"
"1-1001970","21-1001970"
"1-1001971","21-1001971"
"1-1001972","21-1001972"
"1-1001973","21-1001973"
"1-1001974","21-1001974"
"1-1001975","21-1001975"
"1-1001976","21-1001976"
"1-1001977","21-1001977"
"1-1001978","21-1001978"
"1-1001979","21-1001979"
"1-1001980","21-1001980"
"1-1001981","21-1001981"
"1-1001982","21-1001982"
"1-1001983","21-1001983"
"1-1001984","21-1001984"
"1-1001985","21-1001985"
"1-1001986","21-1001986"
"1-1001987","21-1001987"
"1-1001988","21-1001988"
"1-1001989","21-1001989"
"1-1001990","21-1001990"
"1-1001991","21-1001991"
"1-1001992","21-1001992"
"1-1001993","21-1001993"
"1-1001994","21-1001994"
"1-1001995","21-1001995"
"1-1001996","21-1001996"
"1-1001997","21-1001997"
"1-1001998","21-1001998"
"1-1001999","21-1001999"
"1-1002000","21-1002000"
"1-1002001","21-1002001"
"1-1002002","21-1002002"
"1-1002003","21-1002003"
"1-1002004","21-1002004"
"1-1002005","21-1002005"
"1-1002006","21-1002006"
"1-1002007","21-1002007"
"1-1002008","21-1002008"
"1-1002009","21-1002009"
"1-1002010","21-1002010"
"1-1002011","21-1002011"
"1-1002012","21-1002012"
"1-1002013","21-1002013"
"1-1002014","21-1002014"
"1-1002015","21-1002015"
"1-1002016","21-1002016"
"1-1002017","21-1002017"
"1-1002018","21-1002018"
"1-1002019","21-1002019"
"1-1002020","21-1002020"
"1-1002021","21-1002021"
"1-1002022","21-1002022"
"1-1002023","21-1002023"
"1-1002024","21-1002024"
"1-1002025","21-1002025"
"1-1002026","21-1002026"
"1-1002027","21-1002027"
"1-1002028","21-1002028"
"1-1002029","21-1002029"
"1-1002030","21-1002030"
"1-1002031","21-1002031"
"1-1002032","21-1002032"
"1-1002033","21-1002033"
"1-1002034","21-1002034"
"1-1002035","21-1002035"
"1-1002036","21-1002036"
"1-1002037","21-1002037"
"1-1002038","21-1002038"
"1-1002039","21-1002039"
"1-1002040","21-1002040"
"1-1002041","21-1002041"
"1-1002042","21-1002042"
"1-1002043","21-1002043"
"1-1002044","21-1002044"
"1-1002045","21-1002045"
"1-1002046","21-1002046"
"1-1002047","21-1002047"
"1-1002048","21-1002048"
"1-1002049","21-1002049"
"1-1002050","21-1002050"
"1-1002051","21-1002051"
"1-1002052","21-1002052"
"1-1002053","21-1002053"
"1-1002054","21-1002054"
"1-1002055","21-1002055"
"1-1002056","21-1002056"
"1-1002057","21-1002057"
"1-1002058","21-1002058"
"1-1002059","21-1002059"
"1-1002060","21-1002060"
"1-1002061","21-1002061"
"1-1002062","21-1002062"
"1-1002063","21-1002063"
"1-1002064","21-1002064"
"1-1002065","21-1002065"
"1-1002066","21-1002066"
"1-1002067","21-1002067"
"1-1002068","21-1002068"
"1-1002069","21-1002069"
"1-1002070","21-1002070"
"1-1002071","21-1002071"
"1-1002072","21-1002072"
"1-1002073","21-1002073"
"1-1002074","21-1002074"
"1-1002075","21-1002075"
"1-1002076","21-1002076"
"1-1002077","21-1002077"
"1-1002078","21-1002078"
"1-1002079","21-1002079"
"1-1002080","21-1002080"
"1-1002081","21-1002081"
"1-1002082","21-1002082"
"1-1002083","21-1002083"
"1-1002084","21-1002084"
"1-1002085","21-1002085"
"1-1002086","21-1002086"
"1-1002087","21-1002087"
"1-1002088","21-1002088"
"1-1002089","21-1002089"
"1-1002090","21-1002090"
"1-1002091","21-1002091"
"1-1002092","21-1002092"
"1-1002093","21-1002093"
"1-1002094","21-1002094"
"1-1002095","21-1002095"
"1-1002096","21-1002096"
"1-1002097","21-1002097"
"1-1002098","21-1002098"
"1-1002099","21-1002099"
"1-1002100","21-1002100"
"1-1002101","21-1002101"
"1-1002102","21-1002102"
"1-1002103","21-1002103"
"1-1002104","21-1002104"
"1-1002105","21-1002105"
"1-1002106","21-1002106"
"1-1002107","21-1002107"
"1-1002108","21-1002108"
"1-1002109","21-1002109"
"1-1002110","21-1002110"
"1-1002111","21-1002111"
"1-1002112","21-1002112"
"1-1002113","21-1002113"
"1-1002114","21-1002114"
"1-1002115","21-1002115"
"1-1002116","21-1002116"
"1-1002117","21-1002117"
"1-1002118","21-1002118"
"1-1002119","21-1002119"
"1-1002120","21-1002120"
"1-1002121","21-1002121"
"1-1002122","21-1002122"
"1-1002123","21-1002123"
"1-1002124","21-1002124"
"1-1002125","21-1002125"
"1-1002126","21-1002126"
"1-1002127","21-1002127"
"1-1002128","21-1002128"
"1-1002129","21-1002129"
"1-1002130","21-1002130"
"1-1002131","21-1002131"
"1-1002132","21-1002132"
"1-1002133","21-1002133"
"1-1002134","21-1002134"
"1-1002135","21-1002135"
"1-1002136","21-1002136"
"1-1002137","21-1002137"
"1-1002138","21-1002138"
"1-1002139","21-1002139"
"1-1002140","21-1002140"
"1-1002141","21-1002141"
"1-1002142","21-1002142"
"1-1002143","21-1002143"
"1-1002144","21-1002144"
"1-1002145","21-1002145"
"1-1002146","21-1002146"
"1-1002147","21-1002147"
"1-1002148","21-1002148"
"1-1002149","21-1002149"
"1-1002150","21-1002150"
"1-1002151","21-1002151"
"1-1002152","21-1002152"
"1-1002153","21-1002153"
"1-1002154","21-1002154"
"1-1002155","21-1002155"
"1-1002156","21-1002156"
"1-1002157","21-1002157"
"1-1002158","21-1002158"
"1-1002159","21-1002159"
"1-1002160","21-1002160"
"1-1002161","21-1002161"
"1-1002162","21-1002162"
"1-1002163","21-1002163"
"1-1002164","21-1002164"
"1-1002165","21-1002165"
"1-1002166","21-1002166"
"1-1002167","21-1002167"
"1-1002168","21-1002168"
"1-1002169","21-1002169"
"1-1002170","21-1002170"
"1-1002171","21-1002171"
"1-1002172","21-1002172"
"1-1002173","21-1002173"
"1-1002174","21-1002174"
"1-1002175","21-1002175"
"1-1002176","21-1002176"
"1-1002177","21-1002177"
"1-1002178","21-1002178"
"1-1002179","21-1002179"
"1-1002180","21-1002180"
"1-1002181","21-1002181"
"1-1002182","21-1002182"
"1-1002183","21-1002183"
"1-1002184","21-1002184"
"1-1002185","21-1002185"
"1-1002186","21-1002186"
"1-1002187","21-1002187"
"1-1002188","21-1002188"
"1-1002189","21-1002189"
"1-1002190","21-1002190"
"1-1002191","21-1002191"
"1-1002192","21-1002192"
"1-1002193","21-1002193"
"1-1002194","21-1002194"
"1-1002195","21-1002195"
"1-1002196","21-1002196"
"1-1002197","21-1002197"
"1-1002198","21-1002198"
"1-1002199","21-1002199"
"1-1002200","21-1002200"
"1-1002201","21-1002201"
"1-1002202","21-1002202"
"1-1002203","21-1002203"
"1-1002204","21-1002204"
"1-1002205","21-1002205"
"1-1002206","21-1002206"
"1-1002207","21-1002207"
"1-1002208","21-1002208"
"1-1002209","21-1002209"
"1-1002210","21-1002210"
"1-1002211","21-1002211"
"1-1002212","21-1002212"
"1-1002213","21-1002213"
"1-1002214","21-1002214"
"1-1002215","21-1002215"
"1-1002216","21-1002216"
"1-1002217","21-1002217"
"1-1002218","21-1002218"
"1-1002219","21-1002219"
"1-1002220","21-1002220"
"1-1002221","21-1002221"
"1-1002222","21-1002222"
